Iteration,Time(ms),Cost,Temperature
2000,423,23290.0,4545.479156824101
7000,1042,22243.0,3648.5220084028056
14000,1821,20602.0,2671.1432528206965
15000,1917,19504.0,2576.6877729850376
16000,2054,17638.0,2474.4118714588603
21000,2528,19418.0,2011.1211937670098
